id,name,base_value,format,min_value,max_value
max_hp_base,气血基础,60,integer,0,
atk_base,攻击基础,10,integer,0,
move_speed,移速,340,integer,0,
stop_range,停步距离,640,integer,0,
basic_interval,普攻间隔,1,decimal,0.01,
basic_power,普攻倍率,1,decimal,0.01,
basic_range,普攻射程,950,integer,0.01,
melee_range,近战射程,150,integer,0.01,
melee_stop_range,近战停步距离,120,integer,0.01,
atk_percent,攻击加成,0,percent,0,
max_hp_percent,气血加成,0,percent,0,
crit_rate,暴击率,0.05,percent,0,1
crit_damage,暴击倍率,1.5,decimal,1,
attack_speed,普攻攻速,0,percent,0,3
skill_cdr,法术冷却缩减,0,percent,0,1
generic_damage,通用增伤,0,percent,0,
dodge,闪避,0.02,percent,0,1
