id,name,order,cells,normal_hp,normal_atk,elite_hp,elite_atk,boss_hp,boss_atk,rift_hp,wave_id,boss_id,rift_id,first_reward,repeat_reward
level_001,青岚山麓·1,1,25,1.0000,1.0000,1.0000,0.9500,1.0000,1.0000,0.9000,wave_1,boss,rift,boss_first,boss_repeat
level_002,听泉竹径·2,2,25,1.2519,1.0152,1.2519,0.9644,1.2519,1.0152,1.1267,wave_2,boss,rift,boss_first,boss_repeat
level_003,落霞古道·3,3,25,1.5364,1.0303,1.5364,0.9788,1.5364,1.0303,1.3828,wave_3,boss,rift,boss_first,boss_repeat
level_004,迷雾溪谷·4,4,25,1.8550,1.0455,1.8550,0.9932,1.8550,1.0455,1.6695,wave_7,boss,rift,boss_first,boss_repeat
level_005,苍松石林·5,5,25,2.2089,1.0606,2.2089,1.0076,2.2089,1.0606,1.9880,wave_8,boss,rift,boss_first,boss_repeat
level_006,寒潭旧渡·6,6,25,2.5995,1.0758,2.5995,1.0220,2.5995,1.0758,2.3395,wave_9,boss,rift,boss_first,boss_repeat
level_007,孤峰云阶·7,7,25,3.0283,1.0909,3.0283,1.0364,3.0283,1.0909,2.7254,wave_1,boss,rift,boss_first,boss_repeat
level_008,赤枫幽谷·8,8,25,3.4965,1.1061,3.4965,1.0508,3.4965,1.1061,3.1469,wave_2,boss,rift,boss_first,boss_repeat
level_009,玄石洞天·9,9,25,4.0057,1.1212,4.0057,1.0652,4.0057,1.1212,3.6052,wave_3,boss,rift,boss_first,boss_repeat
level_010,问剑天门·10,10,25,4.5572,1.1364,4.5572,1.0795,4.5572,1.1364,4.1015,wave_7,boss,rift,boss_first,boss_repeat
level_011,青岚山麓·11,11,25,4.9561,1.1515,4.9561,1.0939,4.9561,1.1515,4.4605,wave_8,boss,rift,boss_first,boss_repeat
level_012,听泉竹径·12,12,25,5.3743,1.1667,5.3743,1.1083,5.3743,1.1667,4.8368,wave_9,boss,rift,boss_first,boss_repeat
level_013,落霞古道·13,13,25,5.8123,1.1818,5.8123,1.1227,5.8123,1.1818,5.2311,wave_1,boss,rift,boss_first,boss_repeat
level_014,迷雾溪谷·14,14,25,6.2707,1.1970,6.2707,1.1371,6.2707,1.1970,5.6436,wave_2,boss,rift,boss_first,boss_repeat
level_015,苍松石林·15,15,25,6.7498,1.2121,6.7498,1.1515,6.7498,1.2121,6.0748,wave_3,boss,rift,boss_first,boss_repeat
level_016,寒潭旧渡·16,16,25,7.2502,1.2273,7.2502,1.1659,7.2502,1.2273,6.5252,wave_7,boss,rift,boss_first,boss_repeat
level_017,孤峰云阶·17,17,25,7.7723,1.2424,7.7723,1.1803,7.7723,1.2424,6.9951,wave_8,boss,rift,boss_first,boss_repeat
level_018,赤枫幽谷·18,18,25,8.3167,1.2576,8.3167,1.1947,8.3167,1.2576,7.4850,wave_9,boss,rift,boss_first,boss_repeat
level_019,玄石洞天·19,19,25,8.8837,1.2727,8.8837,1.2091,8.8837,1.2727,7.9953,wave_1,boss,rift,boss_first,boss_repeat
level_020,问剑天门·20,20,25,9.4739,1.2879,9.4739,1.2235,9.4739,1.2879,8.5265,wave_2,boss,rift,boss_first,boss_repeat
level_021,青岚山麓·21,21,25,17.0878,1.3030,17.0878,1.2379,17.0878,1.3030,15.3791,wave_3,boss,rift,boss_first,boss_repeat
level_022,听泉竹径·22,22,25,18.1245,1.3182,18.1245,1.2523,18.1245,1.3182,16.3121,wave_7,boss,rift,boss_first,boss_repeat
level_023,落霞古道·23,23,25,19.1981,1.3333,19.1981,1.2667,19.1981,1.3333,17.2783,wave_8,boss,rift,boss_first,boss_repeat
level_024,迷雾溪谷·24,24,25,20.3092,1.3485,20.3092,1.2811,20.3092,1.3485,18.2783,wave_9,boss,rift,boss_first,boss_repeat
level_025,苍松石林·25,25,25,21.4586,1.3636,21.4586,1.2955,21.4586,1.3636,19.3127,wave_1,boss,rift,boss_first,boss_repeat
level_026,寒潭旧渡·26,26,25,22.6468,1.3788,22.6468,1.3098,22.6468,1.3788,20.3822,wave_2,boss,rift,boss_first,boss_repeat
level_027,孤峰云阶·27,27,25,23.8747,1.3939,23.8747,1.3242,23.8747,1.3939,21.4872,wave_3,boss,rift,boss_first,boss_repeat
level_028,赤枫幽谷·28,28,25,25.1427,1.4091,25.1427,1.3386,25.1427,1.4091,22.6285,wave_7,boss,rift,boss_first,boss_repeat
level_029,玄石洞天·29,29,25,26.4517,1.4242,26.4517,1.3530,26.4517,1.4242,23.8066,wave_8,boss,rift,boss_first,boss_repeat
level_030,问剑天门·30,30,25,27.8024,1.4394,27.8024,1.3674,27.8024,1.4394,25.0221,wave_9,boss,rift,boss_first,boss_repeat
level_031,青岚山麓·31,31,25,28.8162,1.4545,28.8162,1.3818,28.8162,1.4545,25.9345,wave_1,boss,rift,boss_first,boss_repeat
level_032,听泉竹径·32,32,25,29.8459,1.4697,29.8459,1.3962,29.8459,1.4697,26.8613,wave_2,boss,rift,boss_first,boss_repeat
level_033,落霞古道·33,33,25,30.8916,1.4848,30.8916,1.4106,30.8916,1.4848,27.8025,wave_3,boss,rift,boss_first,boss_repeat
level_034,迷雾溪谷·34,34,25,31.9535,1.5000,31.9535,1.4250,31.9535,1.5000,28.7582,wave_7,boss,rift,boss_first,boss_repeat
level_035,苍松石林·35,35,25,33.0315,1.5152,33.0315,1.4394,33.0315,1.5152,29.7284,wave_8,boss,rift,boss_first,boss_repeat
level_036,寒潭旧渡·36,36,25,34.1259,1.5303,34.1259,1.4538,34.1259,1.5303,30.7133,wave_9,boss,rift,boss_first,boss_repeat
level_037,孤峰云阶·37,37,25,35.2366,1.5455,35.2366,1.4682,35.2366,1.5455,31.7129,wave_1,boss,rift,boss_first,boss_repeat
level_038,赤枫幽谷·38,38,25,36.3637,1.5606,36.3637,1.4826,36.3637,1.5606,32.7274,wave_2,boss,rift,boss_first,boss_repeat
level_039,玄石洞天·39,39,25,37.5075,1.5758,37.5075,1.4970,37.5075,1.5758,33.7567,wave_3,boss,rift,boss_first,boss_repeat
level_040,问剑天门·40,40,25,38.6679,1.5909,38.6679,1.5114,38.6679,1.5909,34.8011,wave_7,boss,rift,boss_first,boss_repeat
level_041,青岚山麓·41,41,25,99.9832,1.6061,99.9832,1.5258,99.9832,1.6061,89.9849,wave_8,boss,rift,boss_first,boss_repeat
level_042,听泉竹径·42,42,25,102.4859,1.6212,102.4859,1.5402,102.4859,1.6212,92.2373,wave_9,boss,rift,boss_first,boss_repeat
level_043,落霞古道·43,43,25,105.0096,1.6364,105.0096,1.5545,105.0096,1.6364,94.5086,wave_1,boss,rift,boss_first,boss_repeat
level_044,迷雾溪谷·44,44,25,107.5544,1.6515,107.5544,1.5689,107.5544,1.6515,96.7990,wave_2,boss,rift,boss_first,boss_repeat
level_045,苍松石林·45,45,25,110.1207,1.6667,110.1207,1.5833,110.1207,1.6667,99.1086,wave_3,boss,rift,boss_first,boss_repeat
level_046,寒潭旧渡·46,46,25,112.7085,1.6818,112.7085,1.5977,112.7085,1.6818,101.4376,wave_7,boss,rift,boss_first,boss_repeat
level_047,孤峰云阶·47,47,25,115.3181,1.6970,115.3181,1.6121,115.3181,1.6970,103.7863,wave_8,boss,rift,boss_first,boss_repeat
level_048,赤枫幽谷·48,48,25,117.9497,1.7121,117.9497,1.6265,117.9497,1.7121,106.1547,wave_9,boss,rift,boss_first,boss_repeat
level_049,玄石洞天·49,49,25,120.6036,1.7273,120.6036,1.6409,120.6036,1.7273,108.5432,wave_1,boss,rift,boss_first,boss_repeat
level_050,问剑天门·50,50,25,123.2800,1.7424,123.2800,1.6553,123.2800,1.7424,110.9520,wave_2,boss,rift,boss_first,boss_repeat
level_051,青岚山麓·51,51,25,125.9791,1.7576,125.9791,1.6697,125.9791,1.7576,113.3812,wave_4,boss,rift,boss_first,boss_repeat
level_052,听泉竹径·52,52,25,128.7013,1.7727,128.7013,1.6841,128.7013,1.7727,115.8312,wave_5,boss,rift,boss_first,boss_repeat
level_053,落霞古道·53,53,25,131.4468,1.7879,131.4468,1.6985,131.4468,1.7879,118.3021,wave_6,boss,rift,boss_first,boss_repeat
level_054,迷雾溪谷·54,54,25,134.2159,1.8030,134.2159,1.7129,134.2159,1.8030,120.7943,wave_4,boss,rift,boss_first,boss_repeat
level_055,苍松石林·55,55,25,137.0089,1.8182,137.0089,1.7273,137.0089,1.8182,123.3080,wave_5,boss,rift,boss_first,boss_repeat
level_056,寒潭旧渡·56,56,25,139.8261,1.8333,139.8261,1.7417,139.8261,1.8333,125.8435,wave_6,boss,rift,boss_first,boss_repeat
level_057,孤峰云阶·57,57,25,142.6678,1.8485,142.6678,1.7561,142.6678,1.8485,128.4010,wave_4,boss,rift,boss_first,boss_repeat
level_058,赤枫幽谷·58,58,25,145.5344,1.8636,145.5344,1.7705,145.5344,1.8636,130.9810,wave_5,boss,rift,boss_first,boss_repeat
level_059,玄石洞天·59,59,25,148.4263,1.8788,148.4263,1.7848,148.4263,1.8788,133.5836,wave_6,boss,rift,boss_first,boss_repeat
level_060,问剑天门·60,60,25,151.3437,1.8939,151.3437,1.7992,151.3437,1.8939,136.2094,wave_4,boss,rift,boss_first,boss_repeat
level_061,青岚山麓·61,61,25,228.9026,1.9091,228.9026,1.8136,228.9026,1.9091,206.0123,wave_5,boss,rift,boss_first,boss_repeat
level_062,听泉竹径·62,62,25,233.4217,1.9242,233.4217,1.8280,233.4217,1.9242,210.0795,wave_6,boss,rift,boss_first,boss_repeat
level_063,落霞古道·63,63,25,237.9841,1.9394,237.9841,1.8424,237.9841,1.9394,214.1857,wave_4,boss,rift,boss_first,boss_repeat
level_064,迷雾溪谷·64,64,25,242.5904,1.9545,242.5904,1.8568,242.5904,1.9545,218.3314,wave_5,boss,rift,boss_first,boss_repeat
level_065,苍松石林·65,65,25,247.2415,1.9697,247.2415,1.8712,247.2415,1.9697,222.5173,wave_6,boss,rift,boss_first,boss_repeat
level_066,寒潭旧渡·66,66,25,251.9380,1.9848,251.9380,1.8856,251.9380,1.9848,226.7442,wave_4,boss,rift,boss_first,boss_repeat
level_067,孤峰云阶·67,67,25,256.6806,2.0000,256.6806,1.9000,256.6806,2.0000,231.0125,wave_5,boss,rift,boss_first,boss_repeat
level_068,赤枫幽谷·68,68,25,261.4702,2.0152,261.4702,1.9144,261.4702,2.0152,235.3232,wave_6,boss,rift,boss_first,boss_repeat
level_069,玄石洞天·69,69,25,266.3076,2.0303,266.3076,1.9288,266.3076,2.0303,239.6769,wave_4,boss,rift,boss_first,boss_repeat
level_070,问剑天门·70,70,25,271.1937,2.0455,271.1937,1.9432,271.1937,2.0455,244.0743,wave_5,boss,rift,boss_first,boss_repeat
level_071,青岚山麓·71,71,25,276.1294,2.0606,276.1294,1.9576,276.1294,2.0606,248.5164,wave_6,boss,rift,boss_first,boss_repeat
level_072,听泉竹径·72,72,25,281.1156,2.0758,281.1156,1.9720,281.1156,2.0758,253.0040,wave_4,boss,rift,boss_first,boss_repeat
level_073,落霞古道·73,73,25,286.1533,2.0909,286.1533,1.9864,286.1533,2.0909,257.5380,wave_5,boss,rift,boss_first,boss_repeat
level_074,迷雾溪谷·74,74,25,291.2436,2.1061,291.2436,2.0008,291.2436,2.1061,262.1192,wave_6,boss,rift,boss_first,boss_repeat
level_075,苍松石林·75,75,25,296.3875,2.1212,296.3875,2.0152,296.3875,2.1212,266.7488,wave_4,boss,rift,boss_first,boss_repeat
level_076,寒潭旧渡·76,76,25,301.5863,2.1364,301.5863,2.0295,301.5863,2.1364,271.4277,wave_5,boss,rift,boss_first,boss_repeat
level_077,孤峰云阶·77,77,25,306.8411,2.1515,306.8411,2.0439,306.8411,2.1515,276.1570,wave_6,boss,rift,boss_first,boss_repeat
level_078,赤枫幽谷·78,78,25,312.1531,2.1667,312.1531,2.0583,312.1531,2.1667,280.9378,wave_4,boss,rift,boss_first,boss_repeat
level_079,玄石洞天·79,79,25,317.5237,2.1818,317.5237,2.0727,317.5237,2.1818,285.7714,wave_5,boss,rift,boss_first,boss_repeat
level_080,问剑天门·80,80,25,322.9543,2.1970,322.9543,2.0871,322.9543,2.1970,290.6589,wave_6,boss,rift,boss_first,boss_repeat
level_081,青岚山麓·81,81,25,737.3000,2.2121,737.3000,2.1015,737.3000,2.2121,663.5700,wave_4,boss,rift,boss_first,boss_repeat
level_082,听泉竹径·82,82,25,751.0559,2.2273,751.0559,2.1159,751.0559,2.2273,675.9503,wave_5,boss,rift,boss_first,boss_repeat
level_083,落霞古道·83,83,25,765.0012,2.2424,765.0012,2.1303,765.0012,2.2424,688.5011,wave_6,boss,rift,boss_first,boss_repeat
level_084,迷雾溪谷·84,84,25,779.1410,2.2576,779.1410,2.1447,779.1410,2.2576,701.2269,wave_4,boss,rift,boss_first,boss_repeat
level_085,苍松石林·85,85,25,793.4804,2.2727,793.4804,2.1591,793.4804,2.2727,714.1323,wave_5,boss,rift,boss_first,boss_repeat
level_086,寒潭旧渡·86,86,25,808.0248,2.2879,808.0248,2.1735,808.0248,2.2879,727.2224,wave_6,boss,rift,boss_first,boss_repeat
level_087,孤峰云阶·87,87,25,822.7802,2.3030,822.7802,2.1879,822.7802,2.3030,740.5022,wave_4,boss,rift,boss_first,boss_repeat
level_088,赤枫幽谷·88,88,25,837.7526,2.3182,837.7526,2.2023,837.7526,2.3182,753.9774,wave_5,boss,rift,boss_first,boss_repeat
level_089,玄石洞天·89,89,25,852.9485,2.3333,852.9485,2.2167,852.9485,2.3333,767.6537,wave_6,boss,rift,boss_first,boss_repeat
level_090,问剑天门·90,90,25,868.3747,2.3485,868.3747,2.2311,868.3747,2.3485,781.5372,wave_4,boss,rift,boss_first,boss_repeat
level_091,青岚山麓·91,91,25,884.0384,2.3636,884.0384,2.2455,884.0384,2.3636,795.6345,wave_5,boss,rift,boss_first,boss_repeat
level_092,听泉竹径·92,92,25,899.9472,2.3788,899.9472,2.2598,899.9472,2.3788,809.9525,wave_6,boss,rift,boss_first,boss_repeat
level_093,落霞古道·93,93,25,916.1092,2.3939,916.1092,2.2742,916.1092,2.3939,824.4983,wave_4,boss,rift,boss_first,boss_repeat
level_094,迷雾溪谷·94,94,25,932.5331,2.4091,932.5331,2.2886,932.5331,2.4091,839.2798,wave_5,boss,rift,boss_first,boss_repeat
level_095,苍松石林·95,95,25,949.2278,2.4242,949.2278,2.3030,949.2278,2.4242,854.3050,wave_6,boss,rift,boss_first,boss_repeat
level_096,寒潭旧渡·96,96,25,966.2031,2.4394,966.2031,2.3174,966.2031,2.4394,869.5828,wave_4,boss,rift,boss_first,boss_repeat
level_097,孤峰云阶·97,97,25,983.4692,2.4545,983.4692,2.3318,983.4692,2.4545,885.1223,wave_5,boss,rift,boss_first,boss_repeat
level_098,赤枫幽谷·98,98,25,1001.0370,2.4697,1001.0370,2.3462,1001.0370,2.4697,900.9333,wave_6,boss,rift,boss_first,boss_repeat
level_099,玄石洞天·99,99,25,1018.9182,2.4848,1018.9182,2.3606,1018.9182,2.4848,917.0264,wave_4,boss,rift,boss_first,boss_repeat
level_100,问剑天门·100,100,25,1037.1252,2.5000,1037.1252,2.3750,1037.1252,2.5000,933.4126,wave_5,boss,rift,boss_first,boss_repeat
