id,name,kind,layer,hp,atk,attack_range,attack_interval,move_speed,attack_type,gold,visual
slime,青苔妖,normal,ground,30,2,95,1.8,155,melee,4,slime
archer,山魈弓手,normal,ground,25,2,480,2.6,115,ranged,5,archer
tank,石甲兽,normal,ground,87,1,95,2.2,155,melee,5,tank
swift,疾影妖,normal,ground,19,3,90,1.4,260,melee,5,swift
bat,夜枭,normal,air,28,2,95,1.8,155,melee,5,bat
hawk,飞蝠,normal,air,24,2,460,2.6,155,ranged,6,hawk
mage,幽火妖,normal,ground,33,3,620,3.2,100,magic,6,mage
elite,赤甲妖,elite,ground,300,4,140,2,135,melee,12,elite
boss,镇山妖王,boss,ground,2250,5,420,2.2,80,magic,20,boss
boss_melee,鼠妖,boss,ground,150,5,95,2.2,80,melee,20,boss
rift,时空裂隙,rift,ground,82,0,0,1,0,none,0,rift
