id,name,realm_id,kind,cooldown,range,max_level,cost,cost_growth,description,trigger_chance,trigger_chance_step,targeting,hits,cast_root,effect_ids,buff_ids
skill_01,御剑术,realm_0,projectile,1.2,950,50,30,1.22,剑诀御剑，飞剑自肩侧横射而出，击中即散。,0,0,,,0,e_01_sword,
skill_04,仙风云体术,realm_0,buff,15,950,50,69,1.22,仙风云体，周身真气鼓荡，出手快如疾风。,0,0,,,0,,buff_haste
skill_11,青元剑芒,realm_0,projectile,1.3,950,50,150,1.22,青元剑气激射，划出弧光索敌，专收残血之敌。,0,0,lowest_hp,,0,e_11_arc,
skill_06,万剑决,realm_1,projectile,1.5,950,50,200,1.22,万剑齐落，自敌人上空垂直坠下，落点之内尽数命中。,0,0,,,0,e_06_rain,
skill_17,天剑,realm_1,projectile,18,950,50,300,1.22,天剑横空斩出，剑光贯穿一整排敌人；伤重者一剑断魂。,0,0,,,0,e_17_sweep,
skill_14,剑罡护体,realm_1,buff,12,950,50,450,1.22,剑罡护体，周身剑气凝成一道护罩；罡气未散时，环绕的飞剑会自行射向来犯之敌。,0,0,,,0,,buff_shield
skill_02,焚天剑诀,realm_2,projectile,6,950,50,600,1.22,召唤一柄火焰剑自敌人上空坠落，落地后化作一片火海，灼烧其中的敌人。,0,0,farthest,ground,0,e_02_meteor,
skill_12,寒冰龙卷,realm_2,ground,10,950,50,800,1.22,挥出寒冰剑气凝成龙卷，卷住阵中之敌并拖向风眼，沿途之敌受创且被寒气所侵。,0,0,,,0,e_12_cyclone,
skill_07,御雷真诀,realm_2,target,5,950,50,1000,1.22,引动九霄雷霆，对单一敌人降下高额雷击，雷威麻其身。,0.3,0,,,0,e_07_thunder,
skill_18,苍穹剑陨,realm_3,projectile,14,950,50,1300,1.22,苍穹之上剑落如陨，黑洞中剑锋齐出，各锁一敌、坠落处成片爆开。,0,0,,,0,e_18_meteor,
skill_09,醉仙望月步,realm_3,buff,15,950,50,1600,1.22,醉仙望月，身法飘忽，暴击之后剑势更快一分。,0,0,,,0,,buff_crit
skill_05,剑气流云壁,realm_3,projectile,30,950,50,2000,1.22,定身全场一瞬，随后一道贴地剑气破空推出，沿途之敌尽数受创并被震退。,0,0,,ground,1,e_05_wall,
skill_19,剑二十三,realm_4,buff,40,950,50,3000,1.22,天光骤暗，身后凝出一道影分身，随本体同放剑诀，只是力道稍逊。,0,0,,,0,,buff_mirror
skill_10,斩鬼神,realm_4,target,15,950,50,2400,1.22,身前虚影浮现，一把巨剑于场上气血最厚者身后斩落，剑光过处只取一人。,0,0,highest_hp,,0,e_10_slash,
skill_15,诛仙剑阵,realm_4,projectile,60,950,50,3600,1.22,天光尽墨，四柄诛仙剑齐现于九霄并同时坠落，结成虚空剑阵，阵中万物俱灭。,0,0,,,0,e_15_array,
