id,name,tier,skill_id,currency_id,max_level,cost,value,effect
upgrade_0_1,风意·御剑,0,skill_01,intent_0,20,8,0.08,damage_percent
upgrade_0_2,风意·妖火,0,skill_02,intent_0,20,8,0.08,damage_percent
upgrade_0_4,风意·疾风,0,skill_04,intent_0,20,8,0.08,damage_percent
upgrade_0_5,风意·寒潮,0,skill_05,intent_0,20,8,0.08,damage_percent
upgrade_0_6,风意·万剑,0,skill_06,intent_0,20,8,0.08,damage_percent
upgrade_0_7,风意·落雷,0,skill_07,intent_0,20,8,0.08,damage_percent
upgrade_0_9,风意·望月,0,skill_09,intent_0,20,8,0.08,damage_percent
upgrade_0_10,风意·斩鬼,0,skill_10,intent_0,20,8,0.08,damage_percent
upgrade_0_11,风意·须芒,0,skill_11,intent_0,20,8,0.08,damage_percent
upgrade_0_12,风意·扎根,0,skill_12,intent_0,20,8,0.08,damage_percent
upgrade_0_14,风意·薯皮,0,skill_14,intent_0,20,8,0.08,damage_percent
upgrade_0_15,风意·诛仙,0,skill_15,intent_0,20,8,0.08,damage_percent
upgrade_0_19,风意·身外身,0,skill_19,intent_0,20,8,0.01,inherit_percent
upgrade_0_17,风意·天剑,0,skill_17,intent_0,20,8,0.08,damage_percent
upgrade_0_18,风意·天陨,0,skill_18,intent_0,20,8,0.08,damage_percent
upgrade_1_1,雷意·御剑,1,skill_01,intent_1,20,8,0.08,damage_percent
upgrade_1_2,雷意·妖火,1,skill_02,intent_1,20,8,0.08,damage_percent
upgrade_1_4,雷意·疾风,1,skill_04,intent_1,20,8,0.08,damage_percent
upgrade_1_5,雷意·寒潮,1,skill_05,intent_1,20,8,0.08,damage_percent
upgrade_1_6,雷意·万剑,1,skill_06,intent_1,20,8,0.08,damage_percent
upgrade_1_7,雷意·落雷,1,skill_07,intent_1,20,8,0.08,damage_percent
upgrade_1_9,雷意·望月,1,skill_09,intent_1,20,8,0.08,damage_percent
upgrade_1_10,雷意·斩鬼,1,skill_10,intent_1,20,8,0.08,damage_percent
upgrade_1_11,雷意·须芒,1,skill_11,intent_1,20,8,0.08,damage_percent
upgrade_1_12,雷意·扎根,1,skill_12,intent_1,20,8,0.08,damage_percent
upgrade_1_14,雷意·薯皮,1,skill_14,intent_1,20,8,0.08,damage_percent
upgrade_1_15,雷意·诛仙,1,skill_15,intent_1,20,8,0.08,damage_percent
upgrade_1_19,雷意·身外身,1,skill_19,intent_1,20,8,0.01,inherit_percent
upgrade_1_17,雷意·天剑,1,skill_17,intent_1,20,8,0.08,damage_percent
upgrade_1_18,雷意·天陨,1,skill_18,intent_1,20,8,0.08,damage_percent
upgrade_2_1,霜意·御剑,2,skill_01,intent_2,20,8,0.08,damage_percent
upgrade_2_2,霜意·妖火,2,skill_02,intent_2,20,8,0.08,damage_percent
upgrade_2_4,霜意·疾风,2,skill_04,intent_2,20,8,0.08,damage_percent
upgrade_2_5,霜意·寒潮,2,skill_05,intent_2,20,8,0.08,damage_percent
upgrade_2_6,霜意·万剑,2,skill_06,intent_2,20,8,0.08,damage_percent
upgrade_2_7,霜意·落雷,2,skill_07,intent_2,20,8,0.08,damage_percent
upgrade_2_9,霜意·望月,2,skill_09,intent_2,20,8,0.08,damage_percent
upgrade_2_10,霜意·斩鬼,2,skill_10,intent_2,20,8,0.08,damage_percent
upgrade_2_11,霜意·须芒,2,skill_11,intent_2,20,8,0.08,damage_percent
upgrade_2_12,霜意·扎根,2,skill_12,intent_2,20,8,0.08,damage_percent
upgrade_2_14,霜意·薯皮,2,skill_14,intent_2,20,8,0.08,damage_percent
upgrade_2_15,霜意·诛仙,2,skill_15,intent_2,20,8,0.08,damage_percent
upgrade_2_19,霜意·身外身,2,skill_19,intent_2,20,8,0.01,inherit_percent
upgrade_2_17,霜意·天剑,2,skill_17,intent_2,20,8,0.08,damage_percent
upgrade_2_18,霜意·天陨,2,skill_18,intent_2,20,8,0.08,damage_percent
upgrade_3_1,炎意·御剑,3,skill_01,intent_3,20,8,0.08,damage_percent
upgrade_3_2,炎意·妖火,3,skill_02,intent_3,20,8,0.08,damage_percent
upgrade_3_4,炎意·疾风,3,skill_04,intent_3,20,8,0.08,damage_percent
upgrade_3_5,炎意·寒潮,3,skill_05,intent_3,20,8,0.08,damage_percent
upgrade_3_6,炎意·万剑,3,skill_06,intent_3,20,8,0.08,damage_percent
upgrade_3_7,炎意·落雷,3,skill_07,intent_3,20,8,0.08,damage_percent
upgrade_3_9,炎意·望月,3,skill_09,intent_3,20,8,0.08,damage_percent
upgrade_3_10,炎意·斩鬼,3,skill_10,intent_3,20,8,0.08,damage_percent
upgrade_3_11,炎意·须芒,3,skill_11,intent_3,20,8,0.08,damage_percent
upgrade_3_12,炎意·扎根,3,skill_12,intent_3,20,8,0.08,damage_percent
upgrade_3_14,炎意·薯皮,3,skill_14,intent_3,20,8,0.08,damage_percent
upgrade_3_15,炎意·诛仙,3,skill_15,intent_3,20,8,0.08,damage_percent
upgrade_3_19,炎意·身外身,3,skill_19,intent_3,20,8,0.01,inherit_percent
upgrade_3_17,炎意·天剑,3,skill_17,intent_3,20,8,0.08,damage_percent
upgrade_3_18,炎意·天陨,3,skill_18,intent_3,20,8,0.08,damage_percent
