id,col,row,prereq,prereq_state
t_hp,1,0,t_root,
t_hp_01,2,0,t_hp,
t_hp_02,3,0,t_hp_01,
t_forge,4,0,t_hp_02,
t_hp_04,5,0,t_forge,
t_hp_05,6,0,t_hp_04,
t_hp_06,7,0,t_hp_05,
t_hp_07,8,0,t_hp_06,
t_hp_08,9,0,t_hp_07,
t_hp_09,10,0,t_hp_08,
t_hp_10,11,0,t_hp_09,
t_hp_11,12,0,t_hp_10,
t_hp_12,12,1,t_hp_11,
t_hp_13,13,1,t_hp_12,
t_hp_14,14,1,t_hp_13,
t_hp_15,15,1,t_hp_14,
t_hp_16,16,1,t_hp_15,
t_hp_17,17,1,t_hp_16,
t_hp_18,18,1,t_hp_17,
t_hp_19,19,1,t_hp_18,
t_hp_20,20,1,t_hp_19,
t_hp_21,21,1,t_hp_20,
t_hp_22,22,1,t_hp_21,
t_root,0,2,,
t_drop,1,2,t_root,
t_auto,2,2,t_drop,
t_end,26,2,t_hp_22|t_atk_23,
t_ranged,2,3,t_atk,
t_atk_11,14,3,t_atk_10,
t_atk_12,15,3,t_atk_11,
t_atk_13,16,3,t_atk_12,
t_atk_14,17,3,t_atk_13,
t_atk_15,18,3,t_atk_14,
t_atk_16,19,3,t_atk_15,
t_atk_17,20,3,t_atk_16,
t_atk_18,21,3,t_atk_17,
t_atk_19,22,3,t_atk_18,
t_atk_20,23,3,t_atk_19,
t_atk_21,24,3,t_atk_20,
t_atk_22,25,3,t_atk_21,
t_atk_23,26,3,t_atk_22,
t_atk,1,4,t_root,
t_atk_01,2,4,t_atk,
t_realm,3,4,t_atk_01,
t_hp_03,4,4,t_realm,
t_intent,5,4,t_hp_03,
t_atk_02,6,4,t_intent,
t_atk_03,7,4,t_atk_02,
t_atk_04,8,4,t_atk_03,
t_atk_05,9,4,t_atk_04,
t_atk_06,10,4,t_atk_05,
t_atk_07,11,4,t_atk_06,
t_atk_08,12,4,t_atk_07,
t_atk_09,13,4,t_atk_08,
t_atk_10,14,4,t_atk_09,
