id,name,max_level,cost_currency,cost,effect,effect_per_level,icon
t_root,开智,5,gold,30|60|90|120|150,atk,0.1,attack
t_hp,培土,5,gold,50|100|150|200|250,hp,0.15,defense
t_atk,拔节,5,gold,60|120|180|240|300,atk,0.12,attack
t_auto,生根,1,core,1,auto_intent,1,utility
t_atk_01,攻击 01,5,gold,10|20|30|40|50,atk,0.01,attack
t_hp_01,气血 01,5,gold,10|20|30|40|50,hp,0.01,defense
t_atk_02,攻击 02,5,gold,10|20|30|40|50,atk,0.01,attack
t_hp_02,气血 02,5,gold,10|20|30|40|50,hp,0.01,defense
t_atk_03,攻击 03,5,gold,10|20|30|40|50,atk,0.01,attack
t_hp_03,气血 03,5,gold,10|20|30|40|50,hp,0.01,defense
t_atk_04,攻击 04,5,gold,10|20|30|40|50,atk,0.01,attack
t_hp_04,气血 04,5,gold,10|20|30|40|50,hp,0.01,defense
t_atk_05,攻击 05,5,gold,10|20|30|40|50,atk,0.01,attack
t_hp_05,气血 05,5,gold,10|20|30|40|50,hp,0.01,defense
t_atk_06,攻击 06,5,gold,10|20|30|40|50,atk,0.01,attack
t_hp_06,气血 06,5,gold,10|20|30|40|50,hp,0.01,defense
t_atk_07,攻击 07,5,gold,10|20|30|40|50,atk,0.01,attack
t_hp_07,气血 07,5,gold,10|20|30|40|50,hp,0.01,defense
t_atk_08,攻击 08,5,gold,10|20|30|40|50,atk,0.01,attack
t_hp_08,气血 08,5,gold,10|20|30|40|50,hp,0.01,defense
t_atk_09,攻击 09,5,gold,10|20|30|40|50,atk,0.01,attack
t_hp_09,气血 09,5,gold,10|20|30|40|50,hp,0.01,defense
t_atk_10,攻击 10,5,gold,10|20|30|40|50,atk,0.01,attack
t_hp_10,气血 10,5,gold,10|20|30|40|50,hp,0.01,defense
t_atk_11,攻击 11,5,gold,10|20|30|40|50,atk,0.01,attack
t_hp_11,气血 11,5,gold,10|20|30|40|50,hp,0.01,defense
t_atk_12,攻击 12,5,gold,10|20|30|40|50,atk,0.01,attack
t_hp_12,气血 12,5,gold,10|20|30|40|50,hp,0.01,defense
t_atk_13,攻击 13,5,gold,10|20|30|40|50,atk,0.01,attack
t_hp_13,气血 13,5,gold,10|20|30|40|50,hp,0.01,defense
t_atk_14,攻击 14,5,gold,10|20|30|40|50,atk,0.01,attack
t_hp_14,气血 14,5,gold,10|20|30|40|50,hp,0.01,defense
t_atk_15,攻击 15,5,gold,10|20|30|40|50,atk,0.01,attack
t_hp_15,气血 15,5,gold,10|20|30|40|50,hp,0.01,defense
t_atk_16,攻击 16,5,gold,10|20|30|40|50,atk,0.01,attack
t_hp_16,气血 16,5,gold,10|20|30|40|50,hp,0.01,defense
t_atk_17,攻击 17,5,gold,10|20|30|40|50,atk,0.01,attack
t_hp_17,气血 17,5,gold,10|20|30|40|50,hp,0.01,defense
t_atk_18,攻击 18,5,gold,10|20|30|40|50,atk,0.01,attack
t_hp_18,气血 18,5,gold,10|20|30|40|50,hp,0.01,defense
t_atk_19,攻击 19,5,gold,10|20|30|40|50,atk,0.01,attack
t_hp_19,气血 19,5,gold,10|20|30|40|50,hp,0.01,defense
t_atk_20,攻击 20,5,gold,10|20|30|40|50,atk,0.01,attack
t_hp_20,气血 20,5,gold,10|20|30|40|50,hp,0.01,defense
t_atk_21,攻击 21,5,gold,10|20|30|40|50,atk,0.01,attack
t_hp_21,气血 21,5,gold,10|20|30|40|50,hp,0.01,defense
t_atk_22,攻击 22,5,gold,10|20|30|40|50,atk,0.01,attack
t_hp_22,气血 22,5,gold,10|20|30|40|50,hp,0.01,defense
t_atk_23,攻击 23,5,gold,10|20|30|40|50,atk,0.01,attack
t_end,破土,3,core,1|2|3,atk,0.25,special
