id,intent
t_drop,怪物掉落灵石 +1
t_100008,
t_100006,
t_100007,
t_100017,
t_100015,
t_100016,
t_100030,
t_100031,冷却缩减+20%，共5级，货币4、8、12、1、20
t_100033,
t_100032,
t_hp_01,气血 +5
t_100005,
t_100003,
t_100004,
t_100014,
t_100021,
t_100029,
t_100027,
t_100028,
t_100035,
t_root,根节点 · 攻击 +1/级（3 级）
t_auto,解锁自动攻击（省手 · 不增伤）
t_atk,输出支起点 · 攻击 +3/级
t_realm,解锁法术系统（灵核门）
t_100001,
t_forge,解锁铸造系统（灵核门）
t_100023,
t_100024,
t_100025,
t_100026,
t_100002,
t_100010,
t_hp,
t_100009,
t_ranged,普攻由近战转远程（剑气）
t_100022,
t_100034,
t_100036,
t_100037,
t_100041,
t_atk_01,攻击 +1
t_100013,
t_100012,
t_100011,
t_100020,
t_100018,
t_100019,
t_100042,攻击速度+20%，共5级，货币4、8、12、1、20
t_100038,
t_100039,
t_100040,
