id,wave_id,monster_id,weight
wave_1_slime,wave_1,slime,2
wave_1_tank,wave_1,tank,1
wave_2_swift,wave_2,swift,2
wave_2_slime,wave_2,slime,1
wave_3_bat,wave_3,bat,1
wave_3_hawk,wave_3,hawk,1
wave_3_slime,wave_3,slime,1
wave_4_slime,wave_4,slime,2
wave_4_swift,wave_4,swift,1
wave_5_slime,wave_5,slime,1
wave_5_tank,wave_5,tank,1
wave_5_mage,wave_5,mage,1
wave_6_slime,wave_6,slime,2
wave_6_tank,wave_6,tank,1
wave_6_bat,wave_6,bat,1
wave_7_archer,wave_7,archer,1
wave_7_mage,wave_7,mage,1
wave_7_slime,wave_7,slime,1
wave_8_slime,wave_8,slime,1
wave_8_swift,wave_8,swift,1
wave_8_bat,wave_8,bat,1
wave_9_tank,wave_9,tank,2
wave_9_archer,wave_9,archer,1
wave_10_slime,wave_10,slime,1
wave_11_slime,wave_11,slime,1
wave_11_swift,wave_11,swift,1
